REGION,YEAR,LAT_RAIN,LON_RAIN,JAN_RAIN,FEB_RAIN,MAR_RAIN,APR_RAIN,MAY_RAIN,JUN_RAIN,JUL_RAIN,AUG_RAIN,SEP_RAIN,OCT_RAIN,NOV_RAIN,DEC_RAIN,ANN_RAIN,LAT_TEMP,LON_TEMP,JAN_TEMP,FEB_TEMP,MAR_TEMP,APR_TEMP,MAY_TEMP,JUN_TEMP,JUL_TEMP,AUG_TEMP,SEP_TEMP,OCT_TEMP,NOV_TEMP,DEC_TEMP,ANN_TEMP
Central,1990,15.25,32.5,0.0,0.0,0.0,0.0,0.002,0.02666666666666667,1.3873333333333333,0.42933333333333334,0.44,0.38699999999999996,0.0,0.0,0.22566666666666668,15.25,32.5,23.057666666666666,22.017999999999997,25.14477777777778,30.844666666666665,33.96022222222222,33.907000000000004,32.037444444444446,32.39511111111111,32.977666666666664,32.43644444444444,29.21033333333333,27.665444444444443,28.028111111111112
Central,1991,15.25,32.5,0.0,0.0,0.0,0.04733333333333333,0.21600000000000003,0.03666666666666667,0.7133333333333333,1.0873333333333333,0.20233333333333334,0.16733333333333336,0.0023333333333333335,0.0,0.20966666666666667,15.25,32.5,22.685222222222222,24.895333333333333,27.80888888888889,33.13755555555556,35.484,34.458777777777776,32.99122222222222,31.91133333333333,33.06055555555555,32.26977777777778,27.483222222222224,22.874888888888886,28.717444444444446
Central,1992,15.25,32.5,0.0,0.0,0.0,0.003,0.29233333333333333,0.145,1.1179999999999999,2.1903333333333332,0.45466666666666666,0.17766666666666667,0.022333333333333334,0.0,0.3716666666666667,15.25,32.5,21.37388888888889,21.33422222222222,27.497888888888887,30.957444444444445,32.86266666666666,33.88766666666667,32.62011111111111,30.592222222222226,31.677111111111113,31.273666666666667,26.608444444444448,21.895444444444443,26.55388888888889
Central,1993,15.25,32.5,0.0,0.0,0.0003333333333333333,0.11933333333333333,0.6463333333333333,0.17366666666666666,3.025,2.957666666666667,1.1286666666666667,0.21066666666666667,0.008666666666666666,0.0006666666666666666,0.6986666666666667,15.25,32.5,22.352777777777778,22.68488888888889,28.22411111111111,30.436333333333334,32.70422222222222,32.95144444444445,31.131555555555558,30.11911111111111,30.464777777777776,30.612666666666666,28.43511111111111,24.960222222222225,26.655666666666665
Central,1994,15.25,32.5,0.0,0.0,0.0,0.0,0.3893333333333333,0.14466666666666667,2.592,1.5566666666666669,2.089,0.6426666666666667,0.008666666666666666,0.0,0.625,15.25,32.5,25.334111111111113,23.299666666666663,26.00111111111111,31.737555555555556,33.06422222222223,33.141777777777776,30.68311111111111,30.624777777777776,31.02177777777778,31.593777777777778,25.942444444444448,22.09388888888889,27.520666666666667
Central,1995,15.25,32.5,0.0,0.0006666666666666666,0.0,0.056666666666666664,0.07233333333333333,0.36466666666666664,3.2723333333333335,2.8423333333333334,1.8373333333333333,0.193,0.011666666666666665,0.0,0.729,15.25,32.5,23.582555555555555,23.936222222222224,27.390555555555558,29.685666666666666,32.28288888888889,34.57655555555555,30.714111111111112,30.191333333333333,30.683444444444447,30.471333333333334,25.699333333333335,23.492,27.908333333333335
Central,1996,15.25,32.5,0.0,0.0006666666666666666,0.0013333333333333333,0.19433333333333333,0.41600000000000004,0.494,2.2103333333333333,3.5566666666666666,1.345,0.3656666666666667,0.01966666666666667,0.0,0.7236666666666667,15.25,32.5,22.223222222222223,25.334666666666667,28.396555555555555,30.383333333333333,34.123555555555555,33.187444444444445,32.02177777777778,30.44622222222222,30.144333333333332,29.22988888888889,26.12088888888889,24.46166666666667,27.379555555555555
Central,1997,15.25,32.5,0.0033333333333333335,0.0,0.005333333333333333,0.01933333333333333,0.36966666666666664,0.553,1.8113333333333335,2.5866666666666664,0.29766666666666663,0.4873333333333333,0.093,0.0,0.5266666666666666,15.25,32.5,22.998444444444445,21.227333333333334,27.612666666666666,30.568555555555555,32.695,33.67144444444444,31.827666666666666,30.986777777777778,32.99744444444445,30.712444444444444,26.748,23.99566666666667,26.999111111111112
Central,1998,15.25,32.5,0.0,0.0,0.0016666666666666668,0.013000000000000001,0.030000000000000002,0.10200000000000001,1.4396666666666667,3.345666666666667,1.377,0.35500000000000004,0.0,0.0,0.5609999999999999,15.25,32.5,21.41911111111111,22.85111111111111,27.107444444444447,31.41133333333333,34.16111111111111,34.760888888888886,31.623,30.639444444444447,30.385666666666665,30.951222222222224,28.58388888888889,24.892666666666667,27.394666666666666
Central,1999,15.25,32.5,0.0,0.0,0.0,0.002,0.368,0.09000000000000001,2.491333333333333,3.631666666666667,1.3963333333333334,0.5943333333333333,0.0006666666666666666,0.0,0.7243333333333334,15.25,32.5,24.050666666666665,29.12366666666667,27.22311111111111,30.871888888888886,34.531,34.55533333333334,30.82933333333333,29.683333333333334,29.822888888888887,29.359666666666666,27.416555555555554,25.348777777777777,28.294555555555558
Central,2000,15.25,32.5,0.0,0.0,0.0,0.01,0.14500000000000002,0.156,0.844,0.917,0.676,0.3316666666666667,0.0,0.0,0.25966666666666666,15.25,32.5,22.285888888888888,24.51811111111111,27.276999999999997,31.214333333333332,33.404111111111106,34.27133333333333,32.77688888888889,32.263666666666666,32.531333333333336,29.779666666666667,27.086,22.525666666666666,27.405333333333335
Central,2001,15.25,32.5,0.0,0.0,0.0,0.0013333333333333333,0.23333333333333334,0.06966666666666667,0.8763333333333333,2.436,0.8066666666666666,0.5743333333333334,0.009666666666666665,0.0,0.42266666666666663,15.25,32.5,22.112,24.653111111111112,28.415444444444443,31.398666666666667,33.44233333333333,33.25255555555555,32.352555555555554,31.301333333333332,32.48266666666667,31.352333333333334,27.537666666666667,24.44011111111111,28.249111111111112
Central,2002,15.25,32.5,0.0,0.0,0.0,0.0,0.04933333333333333,0.037000000000000005,0.30333333333333334,1.034,0.7846666666666666,0.21666666666666667,0.0003333333333333333,0.0,0.2033333333333333,15.25,32.5,20.107333333333333,26.08722222222222,28.344666666666665,31.568666666666665,32.934888888888885,34.62222222222222,35.08988888888889,33.60466666666667,33.61944444444445,32.52033333333333,28.94288888888889,22.936444444444447,27.430333333333333
Central,2003,15.25,32.5,0.0,0.0,0.0,0.001,0.042333333333333334,0.2936666666666667,1.7546666666666666,2.0473333333333334,0.33066666666666666,0.06633333333333333,0.0,0.0,0.383,15.25,32.5,23.41466666666667,26.243555555555556,28.666,31.64488888888889,33.77688888888889,34.551,32.343555555555554,30.919444444444444,32.85066666666667,32.742777777777775,27.99233333333333,24.415333333333333,28.622555555555557
Central,2004,15.25,32.5,0.0,0.0,0.0,0.04,0.13099999999999998,0.41600000000000004,0.20766666666666664,0.9443333333333334,0.5196666666666666,0.20400000000000001,0.0,0.0,0.20533333333333334,15.25,32.5,23.807333333333332,23.60688888888889,27.992444444444445,31.501222222222225,34.251777777777775,33.936,33.78655555555555,33.422333333333334,33.32822222222222,31.959666666666667,27.912444444444443,23.137555555555558,28.417222222222225
Central,2005,15.25,32.5,0.0,0.0,0.0,0.001,0.23133333333333334,0.18533333333333335,2.05,2.4286666666666665,0.753,0.12233333333333334,0.0,0.0,0.4876666666666667,15.25,32.5,22.218333333333334,27.21166666666667,28.715777777777777,31.884888888888888,32.00688888888889,34.64433333333333,32.06455555555556,31.712555555555557,32.022222222222226,31.429222222222222,26.987222222222222,25.326444444444444,27.796333333333333
Central,2006,15.25,32.5,0.0,0.0,0.0,0.1,0.49633333333333335,0.47533333333333333,1.0473333333333332,1.5853333333333335,0.897,0.36000000000000004,0.0,0.0,0.4166666666666667,15.25,32.5,25.486222222222224,26.173333333333332,27.52011111111111,29.69777777777778,33.849666666666664,34.36788888888889,33.38377777777778,31.934333333333335,32.54377777777778,31.746,25.822666666666667,20.787,27.392222222222223
Central,2007,15.25,32.5,0.0,0.0,0.0,0.051000000000000004,0.03933333333333333,0.49033333333333334,4.383,3.213,1.0593333333333335,0.19566666666666668,0.01933333333333333,0.0,0.7973333333333333,15.25,32.5,21.086333333333332,24.999777777777776,27.62033333333333,30.522333333333332,34.175333333333334,34.12133333333333,29.97822222222222,29.274666666666665,29.962444444444444,31.169,28.134,24.77088888888889,27.60822222222222
Central,2008,15.25,32.5,0.0,0.0,0.0,0.13033333333333333,0.08,0.36666666666666664,0.955,1.2876666666666667,1.169,0.14833333333333334,0.0,0.0,0.3463333333333333,15.25,32.5,22.899333333333335,23.387,29.334,31.587,32.60788888888889,33.940555555555555,33.06722222222223,31.880555555555556,32.25822222222222,29.572,27.15088888888889,24.746222222222222,27.407999999999998
Central,2009,15.25,32.5,0.0,0.0,0.0,0.004666666666666667,0.04566666666666666,0.13233333333333333,2.4189999999999996,1.5113333333333334,0.606,0.13933333333333334,0.0,0.0,0.4106666666666667,15.25,32.5,24.457777777777775,26.878,26.950111111111113,31.368666666666666,33.38622222222222,34.68655555555556,32.37288888888889,32.19833333333333,33.471333333333334,31.619666666666667,27.205444444444442,23.05222222222222,28.958222222222226
Central,2010,15.25,32.5,0.0,0.0,0.0,0.010333333333333333,0.06966666666666667,0.25033333333333335,1.518,1.7890000000000001,0.892,0.14100000000000001,0.002,0.0,0.394,15.25,32.5,25.94211111111111,25.69188888888889,28.878333333333334,31.77188888888889,33.556111111111115,34.57344444444445,32.39544444444444,30.992222222222225,31.882777777777775,32.904555555555554,29.06822222222222,24.452222222222222,28.728333333333335
Central,2011,15.25,32.5,0.0,0.0,0.0,0.0,0.22066666666666668,0.06166666666666667,1.161,1.4823333333333333,0.594,0.2936666666666667,0.0,0.0,0.32266666666666666,15.25,32.5,22.081333333333333,25.33066666666667,26.701,30.811222222222224,32.49188888888889,34.64888888888889,33.666333333333334,32.227777777777774,32.300222222222224,31.600444444444445,24.157777777777774,24.058333333333334,27.912
Central,2012,15.25,32.5,0.0,0.0,0.0,0.0,0.09833333333333334,0.226,2.787,1.7813333333333332,0.388,0.6256666666666667,0.04633333333333333,0.0,0.503,15.25,32.5,22.894444444444446,25.890444444444444,26.90677777777778,30.613888888888887,33.91488888888889,34.47911111111111,31.317000000000004,30.36466666666667,31.804777777777776,31.06388888888889,26.82311111111111,23.03611111111111,27.798777777777776
Central,2013,15.25,32.5,0.0,0.0,0.0,0.0,0.05,0.26666666666666666,0.38699999999999996,2.1439999999999997,1.3253333333333333,0.02266666666666667,0.0003333333333333333,0.0,0.3526666666666667,15.25,32.5,24.169,26.862666666666666,29.24377777777778,29.416555555555554,33.111444444444444,33.84677777777778,33.14288888888889,30.097444444444445,31.344666666666665,30.09511111111111,27.194,23.387666666666664,27.61577777777778
Central,2014,15.25,32.5,0.0,0.0,0.0023333333333333335,0.017333333333333333,0.06533333333333333,0.319,3.6483333333333334,2.9503333333333335,0.9573333333333333,0.40166666666666667,0.0,0.0003333333333333333,0.706,15.25,32.5,23.66788888888889,24.388111111111108,28.496222222222222,32.06222222222222,33.42688888888889,34.590888888888884,31.860999999999997,29.157555555555554,30.447111111111113,29.58388888888889,25.438777777777776,24.404444444444444,27.787111111111113
Central,2015,15.25,32.5,0.0,0.0,0.0003333333333333333,0.0,0.07866666666666666,0.32166666666666666,0.7346666666666667,2.279333333333333,0.40066666666666667,0.18033333333333335,0.0006666666666666666,0.06433333333333333,0.3423333333333333,15.25,32.5,21.542333333333332,26.383555555555557,29.873222222222225,29.909111111111113,33.58988888888889,34.346333333333334,33.82888888888889,31.972,32.974555555555554,31.190666666666665,26.28611111111111,21.191222222222223,26.823222222222224
Central,2016,15.25,32.5,0.0,0.0,0.0,0.002333333333333333,0.42,0.411,4.1770000000000005,3.185,0.9013333333333333,0.301,0.0,0.0,0.7923333333333333,15.25,32.5,19.793666666666667,24.496,30.00766666666667,30.718444444444444,33.483777777777775,34.123555555555555,31.61733333333333,29.62633333333333,30.978666666666665,30.858777777777778,26.98833333333333,24.818888888888885,27.107000000000003
Central,2017,15.25,32.5,0.0,0.0,0.0,0.11033333333333334,0.3863333333333333,0.2983333333333334,1.4683333333333335,2.613,0.6396666666666667,0.096,0.0,0.0003333333333333333,0.475,15.25,32.5,24.72611111111111,23.334555555555557,27.349444444444444,32.38355555555555,33.306888888888885,34.471333333333334,32.708444444444446,30.737555555555556,31.631333333333334,30.507111111111108,26.351222222222223,25.103333333333335,28.312555555555555
Central,2018,15.25,32.5,0.0,0.0013333333333333333,0.0,0.0,0.42900000000000005,0.6993333333333334,2.89,2.081,0.607,0.29633333333333334,0.0003333333333333333,0.0,0.5913333333333333,15.25,32.5,21.625555555555554,26.79477777777778,28.60611111111111,30.047444444444444,33.83911111111111,32.87444444444444,31.24777777777778,30.151777777777777,31.570999999999998,31.31211111111111,26.119222222222223,23.421,27.933555555555554
Central,2019,15.25,32.5,0.0,0.0023333333333333335,0.0,0.0003333333333333333,0.044000000000000004,0.37533333333333335,0.63,3.5743333333333336,1.0096666666666667,1.3533333333333333,0.010333333333333333,0.003,0.591,15.25,32.5,25.354222222222223,25.67611111111111,27.458,30.394000000000002,34.233333333333334,34.39266666666667,33.342777777777776,30.262111111111114,31.104222222222223,29.250444444444444,27.192222222222224,22.79288888888889,28.28611111111111
Central,2020,15.25,32.5,0.0,0.0006666666666666666,0.0,0.0,0.20133333333333334,0.30866666666666664,2.597,5.404333333333333,2.1390000000000002,0.16833333333333333,0.010666666666666666,0.0003333333333333333,0.9109999999999999,15.25,32.5,20.682444444444446,22.592666666666666,28.386,30.454444444444444,32.41011111111111,34.23144444444444,31.98511111111111,28.90211111111111,29.579,29.27688888888889,25.48511111111111,24.02911111111111,26.58388888888889
Central,2021,15.25,32.5,0.005,0.0,0.0,0.02033333333333333,0.6813333333333333,0.2996666666666667,5.107,5.621333333333333,2.3516666666666666,0.12133333333333333,0.02333333333333333,0.04033333333333333,1.2056666666666667,15.25,32.5,23.799666666666663,24.526000000000003,28.71677777777778,30.82988888888889,33.06455555555556,35.24755555555556,30.3,28.964111111111112,29.04177777777778,29.52611111111111,27.329444444444444,23.654333333333334,28.484555555555556
Central,2022,15.25,32.5,0.007666666666666667,0.0,0.010666666666666666,0.027333333333333334,0.037000000000000005,0.8646666666666667,4.149666666666667,3.0563333333333333,2.3373333333333335,0.4036666666666667,0.0,0.001,0.9163333333333333,15.25,32.5,22.51377777777778,22.223,27.281111111111112,33.19,34.27233333333333,33.660333333333334,30.637,29.049555555555557,29.168777777777777,29.209,26.136,23.295222222222225,27.43155555555556
Central,2023,15.25,32.5,0.0,0.0,0.0,0.012666666666666666,0.06733333333333333,0.9570000000000001,1.0566666666666666,4.905333333333333,1.0246666666666666,0.6443333333333333,0.143,0.0,0.7433333333333334,15.25,32.5,23.44511111111111,24.198777777777778,27.713444444444445,30.310000000000002,33.00988888888889,34.02188888888889,33.604,30.780333333333335,31.244333333333337,31.913444444444444,28.496222222222222,24.361777777777778,28.53966666666667
Central,2024,15.25,32.5,0.0,0.0,0.004666666666666667,0.0,0.15766666666666665,0.45233333333333337,3.530333333333333,5.524666666666667,1.6320000000000001,0.13266666666666665,0.06899999999999999,0.002,0.9683333333333334,15.25,32.5,22.590666666666667,23.678444444444445,28.99833333333333,31.361666666666668,33.527,35.20977777777778,32.11855555555556,28.27511111111111,30.075,29.91633333333333,25.466333333333335,23.529222222222224,28.049444444444443
East,1990,17.5,35.9375,0.013571428571428571,0.0007142857142857143,0.008928571428571428,0.0010714285714285715,0.011428571428571429,0.0067857142857142855,0.19999999999999998,0.19142857142857145,0.2767857142857143,0.07392857142857143,0.12000000000000001,0.017142857142857144,0.07714285714285715,17.5,35.9375,23.177738095238094,22.37095238095238,25.20285714285714,29.467738095238094,32.96154761904762,34.45142857142857,33.00976190476191,33.29047619047619,32.482261904761906,30.689642857142854,27.666428571428572,26.35202380952381,28.119404761904764
East,1991,17.5,35.9375,0.0,0.016428571428571428,0.0,0.09857142857142857,0.027857142857142858,0.0007142857142857143,0.62,0.30428571428571427,0.025714285714285714,0.1542857142857143,0.3685714285714286,0.0,0.1357142857142857,17.5,35.9375,23.465833333333332,24.729880952380952,26.656309523809526,31.73488095238095,34.25488095238095,34.400357142857146,33.111666666666665,32.59309523809524,32.65571428571428,30.80547619047619,26.90797619047619,23.488095238095237,28.606190476190477
East,1992,17.5,35.9375,0.0,0.0,0.00035714285714285714,0.006071428571428572,0.012499999999999999,0.21892857142857142,0.4517857142857143,1.397142857142857,0.21071428571428572,0.08214285714285714,0.040357142857142855,0.0,0.20285714285714285,17.5,35.9375,21.276785714285715,20.596190476190475,26.079880952380954,29.598690476190477,31.93845238095238,33.989999999999995,33.08011904761905,30.82547619047619,31.36654761904762,29.784642857142856,26.8125,22.50261904761905,26.39369047619048
East,1993,17.5,35.9375,0.011428571428571429,0.002857142857142857,0.011785714285714287,0.4442857142857143,0.5589285714285714,0.3489285714285714,1.9546428571428571,1.6985714285714286,0.7785714285714286,0.23714285714285716,0.038571428571428576,0.06464285714285714,0.5189285714285714,17.5,35.9375,22.688214285714285,22.453333333333333,26.826666666666668,29.46559523809524,31.410119047619045,33.30166666666667,31.702738095238097,31.14190476190476,30.87142857142857,30.148214285714282,27.392619047619046,25.107738095238098,26.03059523809524
East,1994,17.5,35.9375,0.006071428571428572,0.007857142857142858,0.00035714285714285714,0.11321428571428571,0.20642857142857143,0.24071428571428571,1.2028571428571428,0.7210714285714286,0.3742857142857143,0.3053571428571429,0.028928571428571432,0.0,0.26964285714285713,17.5,35.9375,25.121904761904766,23.87309523809524,25.835238095238093,30.36511904761905,32.98321428571429,33.792857142857144,31.457023809523808,31.543095238095237,31.69297619047619,30.31642857142857,27.084285714285713,23.48345238095238,28.2475
East,1995,17.5,35.9375,0.14285714285714285,0.04285714285714286,0.0032142857142857142,0.26607142857142857,0.2692857142857143,0.22571428571428573,2.254285714285714,1.712142857142857,0.7664285714285715,0.003928571428571429,0.015,0.02,0.48142857142857143,17.5,35.9375,23.991785714285715,23.390238095238097,26.446785714285717,28.976666666666667,31.96797619047619,34.56916666666667,31.671309523809523,30.56607142857143,31.141547619047618,29.609761904761903,26.641190476190477,24.580357142857142,27.81190476190476
East,1996,17.5,35.9375,0.007857142857142858,0.013571428571428571,0.12214285714285714,0.25857142857142856,0.6664285714285715,0.3192857142857143,1.279642857142857,2.0039285714285713,0.4689285714285715,0.25607142857142856,0.14464285714285713,0.0,0.46642857142857147,17.5,35.9375,22.18940476190476,25.337738095238095,27.095,29.65857142857143,32.932857142857145,33.393095238095235,31.985119047619047,31.534166666666664,31.572142857142858,29.253214285714286,26.166666666666668,24.503690476190474,27.399285714285714
East,1997,17.5,35.9375,0.2342857142857143,0.002142857142857143,0.06678571428571428,0.04642857142857143,0.3321428571428572,0.19285714285714287,0.9789285714285715,1.4410714285714286,0.08499999999999999,0.4192857142857143,0.15035714285714286,0.002857142857142857,0.3339285714285714,17.5,35.9375,22.263690476190476,22.351666666666667,26.21714285714286,29.268928571428575,32.022976190476186,34.02952380952381,32.77047619047619,31.84559523809524,32.700833333333335,30.27261904761905,26.233571428571427,24.858571428571427,27.17511904761905
East,1998,17.5,35.9375,0.027857142857142858,0.0,0.010714285714285714,0.01,0.13392857142857142,0.10428571428571429,0.45821428571428574,1.530357142857143,0.3217857142857143,0.09464285714285715,0.0014285714285714286,0.0,0.22714285714285715,17.5,35.9375,22.088452380952383,23.035238095238096,26.310238095238095,30.47404761904762,33.20690476190477,34.869285714285716,32.210476190476186,30.978095238095236,31.359999999999996,29.9925,27.355476190476192,25.75583333333333,27.749285714285715
East,1999,17.5,35.9375,0.008214285714285714,0.0,0.021785714285714287,0.5289285714285714,0.03785714285714286,0.045714285714285714,2.339642857142857,2.1535714285714285,0.2553571428571429,0.37785714285714284,0.06535714285714286,0.3875,0.5260714285714286,17.5,35.9375,24.01809523809524,27.801309523809522,26.749761904761904,29.70738095238095,33.398690476190474,34.201904761904764,31.29035714285714,30.87345238095238,31.154761904761905,29.549642857142857,26.76297619047619,25.290714285714287,28.255595238095236
East,2000,17.5,35.9375,0.0,0.0,0.0,0.045,0.014642857142857141,0.08285714285714285,0.2760714285714286,0.5403571428571429,0.26035714285714284,0.23892857142857143,0.39035714285714285,0.19749999999999998,0.17107142857142857,17.5,35.9375,22.42607142857143,24.51047619047619,26.87988095238095,30.768452380952382,32.97821428571429,34.59547619047619,33.30285714285714,32.62642857142857,32.387023809523804,29.433452380952378,27.159880952380952,23.179642857142856,27.697261904761906
East,2001,17.5,35.9375,0.0,0.0,0.0,0.018571428571428572,0.34285714285714286,0.0,0.6521428571428572,1.0664285714285715,0.15357142857142855,0.24464285714285713,0.032857142857142856,0.0,0.21285714285714286,17.5,35.9375,21.907857142857143,24.734166666666667,27.567500000000003,30.68642857142857,32.61952380952381,33.490833333333335,32.75238095238095,32.14630952380952,32.90369047619048,31.05345238095238,27.723095238095237,26.023095238095237,28.020238095238092
East,2002,17.5,35.9375,0.002142857142857143,0.002142857142857143,0.003928571428571429,0.0,0.00035714285714285714,0.02392857142857143,0.5028571428571429,0.48892857142857143,0.09642857142857143,0.05714285714285715,0.375,0.002142857142857143,0.13107142857142856,17.5,35.9375,21.86392857142857,26.488333333333333,28.033690476190475,30.04952380952381,32.34059523809524,34.404761904761905,35.25071428571429,33.6475,32.93202380952381,31.646547619047617,27.961547619047618,23.082619047619048,28.013452380952383
East,2003,17.5,35.9375,0.0,0.0,0.0025,0.0,0.0007142857142857143,0.05071428571428571,1.0032142857142856,0.8803571428571428,0.10678571428571429,0.07178571428571427,0.0032142857142857142,0.01607142857142857,0.18035714285714285,17.5,35.9375,23.767738095238094,26.28690476190476,26.638095238095236,30.606071428571425,33.71845238095238,34.636428571428574,32.980714285714285,31.268928571428575,32.325833333333335,30.520357142857144,27.922499999999996,24.962738095238095,28.897499999999997
East,2004,17.5,35.9375,0.0010714285714285715,0.0,0.0,0.009285714285714286,0.010357142857142856,0.11214285714285714,0.05642857142857143,0.6389285714285714,0.0925,0.11214285714285714,0.002142857142857143,0.3221428571428571,0.115,17.5,35.9375,23.7625,24.031547619047622,27.233214285714286,30.810357142857146,33.37714285714286,34.105357142857144,34.25797619047619,33.64107142857143,32.98202380952381,30.91238095238095,28.373214285714283,22.97154761904762,28.53892857142857
East,2005,17.5,35.9375,0.0,0.0,0.0,0.01,0.24214285714285716,0.10964285714285714,0.7300000000000001,1.8707142857142858,0.6789285714285714,0.005357142857142857,0.0,0.23214285714285715,0.32785714285714285,17.5,35.9375,22.413452380952382,26.31690476190476,27.876666666666665,30.886071428571427,31.56690476190476,34.66869047619048,33.44154761904762,32.19690476190476,31.775833333333335,30.403333333333336,27.26297619047619,25.559404761904766,28.039166666666667
East,2006,17.5,35.9375,0.0,0.0,0.0,0.5321428571428571,0.8332142857142858,0.03035714285714286,0.2092857142857143,1.188214285714286,0.28214285714285714,0.3296428571428572,0.048571428571428564,0.0,0.2910714285714286,17.5,35.9375,25.110357142857143,26.24690476190476,26.10988095238095,28.892976190476194,32.74107142857143,34.394999999999996,33.90869047619047,32.02726190476191,32.371785714285714,31.380000000000003,26.667142857142856,22.011309523809523,27.90547619047619
East,2007,17.5,35.9375,0.0,0.0,0.0,0.004642857142857143,0.011785714285714287,1.3092857142857142,1.8828571428571428,1.8210714285714287,0.3617857142857143,0.02214285714285714,0.004642857142857143,0.0,0.45535714285714285,17.5,35.9375,22.013690476190476,25.053333333333335,26.79345238095238,29.610595238095236,34.109880952380955,33.69702380952381,30.912857142857142,30.5825,30.997261904761906,29.90547619047619,27.62190476190476,24.825357142857143,27.847261904761904
East,2008,17.5,35.9375,0.0,0.0,0.0,0.15857142857142859,0.04892857142857143,0.11178571428571428,0.12607142857142856,0.7135714285714286,1.0292857142857144,0.005357142857142857,0.0,0.0035714285714285718,0.18285714285714286,17.5,35.9375,23.072142857142858,24.064642857142857,28.210833333333333,31.106190476190477,32.34702380952381,34.58095238095238,33.8925,32.666309523809524,31.90309523809524,29.413571428571426,27.18595238095238,25.321428571428573,27.90464285714286
East,2009,17.5,35.9375,0.012857142857142857,0.0,0.0,0.0014285714285714286,0.011785714285714287,0.026428571428571433,0.6164285714285714,0.7225,0.10321428571428572,0.06785714285714287,0.0,0.016785714285714286,0.13392857142857142,17.5,35.9375,23.886904761904763,26.616071428571427,26.712142857142858,30.00142857142857,32.940714285714286,34.961666666666666,33.03547619047619,33.09940476190476,33.254642857142855,30.776190476190475,27.14619047619048,24.566666666666666,28.899642857142858
East,2010,17.5,35.9375,0.006071428571428572,0.0,0.0,0.07214285714285715,0.04035714285714286,0.04357142857142857,0.6957142857142857,0.9546428571428571,0.9446428571428571,0.006071428571428572,0.21285714285714286,0.017142857142857144,0.25142857142857145,17.5,35.9375,25.43702380952381,25.484404761904763,28.152380952380955,30.57880952380952,32.97285714285714,35.30869047619048,32.88333333333333,32.049523809523805,31.344047619047622,31.172857142857143,28.135952380952382,24.193690476190476,28.906785714285714
East,2011,17.5,35.9375,0.3407142857142857,0.0,0.0014285714285714286,0.004285714285714286,0.11571428571428573,0.045,0.5750000000000001,0.5832142857142857,0.19035714285714286,0.0075,0.0,0.008214285714285714,0.15892857142857145,17.5,35.9375,22.141785714285714,25.131309523809527,26.124166666666664,29.975714285714286,31.742738095238092,34.75202380952381,34.02166666666667,33.235952380952384,32.649880952380954,31.027619047619048,24.920476190476194,24.496785714285714,27.923928571428572
East,2012,17.5,35.9375,0.0,0.0,0.0,0.0,0.0060714285714285705,0.15,0.275,0.6767857142857142,0.05071428571428571,0.04142857142857143,0.018214285714285714,0.06107142857142857,0.10750000000000001,17.5,35.9375,23.07190476190476,25.613452380952385,26.31857142857143,29.513690476190476,33.49345238095238,34.90059523809524,33.3372619047619,32.08261904761905,32.73440476190476,30.845,27.769523809523808,23.969404761904762,28.24761904761905
East,2013,17.5,35.9375,0.0,0.0,0.0,0.0,0.013571428571428571,0.010714285714285714,0.2017857142857143,1.7364285714285714,0.5378571428571429,0.024999999999999998,0.0,0.005,0.21285714285714286,17.5,35.9375,24.425238095238093,26.168095238095237,28.322619047619046,29.009166666666665,32.86761904761905,34.13202380952381,33.792142857142856,30.373809523809523,31.888690476190476,30.620238095238093,27.469761904761906,23.51535714285714,28.28988095238095
East,2014,17.5,35.9375,0.0,0.0,0.008214285714285714,0.018571428571428572,0.04535714285714286,0.026785714285714284,1.8589285714285713,1.7571428571428573,0.5246428571428571,0.12357142857142857,0.04428571428571428,0.0275,0.3742857142857143,17.5,35.9375,24.21011904761905,24.614880952380954,27.597261904761904,30.785476190476192,32.62345238095238,34.55452380952381,33.07595238095238,30.947857142857142,31.070833333333333,29.567142857142855,25.73035714285714,25.20047619047619,28.410238095238096
East,2015,17.5,35.9375,0.009642857142857144,0.0,0.0017857142857142859,0.0007142857142857143,0.015714285714285715,0.13642857142857143,0.49964285714285717,1.3396428571428571,0.075,0.2507142857142857,0.06785714285714285,0.11857142857142856,0.21321428571428572,17.5,35.9375,22.382738095238096,25.576071428571428,29.21166666666667,29.429404761904763,33.50083333333333,34.35940476190476,34.30607142857143,32.85511904761905,32.96202380952381,31.021309523809524,27.540595238095236,22.67154761904762,27.587857142857143
East,2016,17.5,35.9375,0.004642857142857143,0.009285714285714286,0.09142857142857143,0.32035714285714284,0.4064285714285715,0.09285714285714286,2.280357142857143,2.0760714285714283,0.19035714285714286,0.044642857142857144,0.002142857142857143,0.010357142857142856,0.46642857142857147,17.5,35.9375,21.373214285714283,24.890476190476193,29.555357142857144,30.175595238095237,33.32892857142857,34.88309523809524,32.58583333333333,30.838928571428568,32.15011904761905,30.50607142857143,27.11809523809524,25.879166666666666,27.549166666666668
East,2017,17.5,35.9375,0.0067857142857142855,0.08785714285714286,0.0024999999999999996,0.16642857142857143,0.48857142857142855,0.17214285714285715,0.18892857142857142,1.9764285714285716,0.10285714285714286,0.009642857142857144,0.048214285714285716,0.00035714285714285714,0.27464285714285713,17.5,35.9375,25.128333333333337,23.427500000000002,27.13154761904762,31.598214285714285,32.940714285714286,34.757738095238096,34.49261904761905,31.871785714285714,32.449523809523804,30.3025,26.899047619047618,24.951904761904764,28.532738095238095
East,2018,17.5,35.9375,0.0014285714285714286,0.06642857142857142,0.015714285714285715,0.07928571428571429,0.08571428571428573,0.0732142857142857,1.7428571428571427,1.115,0.29642857142857143,0.1732142857142857,0.21035714285714285,0.016428571428571428,0.3260714285714286,17.5,35.9375,22.23297619047619,26.857142857142858,27.99892857142857,29.86892857142857,33.036547619047624,33.79035714285714,32.213452380952376,31.28797619047619,32.17857142857143,30.64857142857143,26.501785714285717,25.0825,28.207619047619048
East,2019,17.5,35.9375,0.045714285714285714,0.09999999999999999,0.022857142857142857,0.09785714285714286,0.04142857142857143,0.07071428571428572,0.11392857142857142,1.4592857142857143,0.9239285714285714,0.7271428571428571,0.15214285714285714,0.0825,0.3221428571428571,17.5,35.9375,25.573095238095238,25.178809523809523,26.382619047619045,29.236547619047617,33.777499999999996,35.524880952380954,34.35476190476191,31.69928571428571,32.271190476190476,30.18654761904762,27.830833333333334,23.922619047619047,28.8375
East,2020,17.5,35.9375,0.027857142857142858,0.012142857142857144,0.02,0.09857142857142856,0.3432142857142857,0.07142857142857142,0.8689285714285714,3.7346428571428567,1.0485714285714285,0.18035714285714285,0.1682142857142857,0.031071428571428573,0.555,17.5,35.9375,21.003809523809522,23.08511904761905,27.509523809523813,29.910714285714285,32.37845238095238,34.27702380952381,32.98392857142857,29.8325,31.00357142857143,29.29654761904762,26.810238095238095,24.591785714285713,26.88083333333333
East,2021,17.5,35.9375,0.21,0.20785714285714288,0.002142857142857143,0.23892857142857143,0.4057142857142857,0.2925,3.0425,4.295714285714285,1.4114285714285715,0.13178571428571428,0.07357142857142858,0.1757142857142857,0.8839285714285714,17.5,35.9375,24.424404761904764,23.749404761904763,28.13380952380952,29.92869047619048,33.128095238095234,35.15273809523809,30.49059523809524,29.77904761904762,30.308809523809526,29.561666666666664,26.524404761904766,24.15714285714286,28.338690476190475
East,2022,17.5,35.9375,0.18464285714285714,0.031785714285714285,0.028214285714285716,0.115,0.015,1.417857142857143,1.3592857142857144,2.2264285714285714,0.6778571428571428,0.40214285714285714,0.3725,0.15464285714285714,0.5857142857142856,17.5,35.9375,22.77797619047619,23.207261904761907,26.629761904761907,32.017738095238094,33.305,34.20130952380952,31.71761904761905,29.896547619047617,31.091190476190473,30.32488095238095,27.50702380952381,23.180476190476192,27.850238095238097
East,2023,17.5,35.9375,0.06071428571428572,0.0,0.045,0.15857142857142859,0.2621428571428571,0.9,0.5289285714285714,1.4849999999999999,0.4564285714285714,0.7932142857142858,0.39571428571428574,0.14214285714285715,0.43857142857142856,17.5,35.9375,24.252261904761905,24.482738095238098,26.854285714285716,29.43440476190476,32.14892857142858,34.425,33.865833333333335,32.54642857142857,32.880833333333335,31.834999999999997,28.42297619047619,24.90690476190476,29.01380952380952
East,2024,17.5,35.9375,0.03142857142857143,0.055,0.037142857142857144,0.07928571428571428,0.1282142857142857,0.26,2.246785714285714,5.4471428571428575,0.6735714285714286,0.5199999999999999,0.013214285714285715,0.013214285714285715,0.8021428571428572,17.5,35.9375,23.723690476190477,24.145357142857144,28.373690476190475,30.770952380952384,33.24261904761905,35.70440476190476,32.947738095238094,29.51964285714286,30.665595238095236,30.49809523809524,26.535595238095237,23.923333333333332,28.65559523809524
North,1990,18.5,30.0,0.0,0.0,0.0014285714285714288,0.0,0.0,0.00040816326530612246,0.04591836734693878,0.008571428571428572,0.006938775510204082,0.026326530612244898,0.0,0.0,0.007142857142857143,18.5,30.0,18.23,16.813469387755102,20.917414965986396,28.86551020408163,31.896734693877548,32.56503401360545,32.944421768707485,32.6908843537415,32.182585034013606,29.650748299319726,25.827891156462584,23.302244897959184,25.87530612244898
North,1991,18.5,30.0,0.0,0.0,0.00020408163265306123,0.0028571428571428576,0.010408163265306122,0.0,0.03142857142857143,0.020816326530612245,0.013673469387755103,0.06020408163265306,0.0,0.0,0.010408163265306122,18.5,30.0,16.670952380952382,20.901360544217688,23.660884353741498,30.259931972789115,33.93448979591837,33.673197278911566,33.830136054421764,33.365918367346936,32.10809523809524,29.16625850340136,22.817074829931972,16.99666666666667,26.344285714285714
North,1992,18.5,30.0,0.0,0.0,0.0,0.003673469387755102,0.03183673469387755,0.01489795918367347,0.09755102040816327,0.18306122448979592,0.02510204081632653,0.003469387755102041,0.0,0.0,0.030816326530612247,18.5,30.0,16.54496598639456,16.27877551020408,23.880884353741497,27.717959183673468,31.559795918367346,33.82823129251701,33.54503401360544,32.96272108843538,31.707482993197278,29.568571428571428,21.84170068027211,17.035714285714285,24.625510204081632
North,1993,18.5,30.0,0.0,0.0,0.00020408163265306123,0.0038775510204081634,0.061224489795918366,0.009183673469387756,0.13489795918367348,0.17326530612244898,0.015102040816326531,0.010816326530612246,0.0,0.0,0.03387755102040817,18.5,30.0,16.705714285714283,19.01748299319728,24.28843537414966,28.123537414965984,31.162312925170067,32.359319727891155,33.540680272108844,33.91102040816327,32.99605442176871,29.51360544217687,24.486598639455785,20.623401360544218,24.889659863945578
North,1994,18.5,30.0,0.0,0.0,0.0,0.0,0.00040816326530612246,0.00040816326530612246,0.30428571428571427,0.3016326530612245,0.35714285714285715,0.03938775510204082,0.0008163265306122449,0.0,0.08428571428571428,18.5,30.0,20.097074829931973,19.213673469387754,21.65408163265306,28.35421768707483,30.997278911564628,31.857823129251702,32.29639455782313,33.83340136054422,31.954829931972785,29.731020408163264,20.947278911564627,17.115986394557826,25.13904761904762
North,1995,18.5,30.0,0.0,0.0,0.0,0.006530612244897959,0.02489795918367347,0.004693877551020408,0.42775510204081635,0.14938775510204083,0.030612244897959183,0.005510204081632653,0.00040816326530612246,0.0,0.05469387755102041,18.5,30.0,18.474013605442178,19.150068027210885,24.379115646258505,27.047006802721086,30.31836734693878,34.6708843537415,34.398911564625855,34.306326530612246,33.160816326530615,29.45047619047619,21.21551020408163,18.6821768707483,26.06795918367347
North,1996,18.5,30.0,0.0008163265306122449,0.0,0.0067346938775510205,0.017551020408163264,0.014081632653061223,0.027142857142857146,0.03142857142857143,0.20204081632653062,0.04673469387755102,0.018979591836734696,0.0014285714285714288,0.0,0.030816326530612247,18.5,30.0,17.959795918367348,20.859727891156464,25.063129251700683,27.759931972789115,33.63040816326531,32.68469387755102,33.43333333333333,34.565714285714286,33.424285714285716,27.76312925170068,22.43829931972789,18.56639455782313,25.86244897959184
North,1997,18.5,30.0,0.005918367346938776,0.0,0.016122448979591836,0.0063265306122448975,0.03346938775510204,0.01,0.08346938775510204,0.0236734693877551,0.0,0.013877551020408165,0.0,0.0,0.016122448979591836,18.5,30.0,19.454693877551023,15.736598639455783,23.22034013605442,27.385986394557822,30.027074829931976,34.09945578231292,33.578979591836735,34.030952380952385,32.89054421768707,28.986462585034015,22.67251700680272,18.401496598639454,25.354149659863946
North,1998,18.5,30.0,0.0,0.0,0.0014285714285714288,0.00040816326530612246,0.0,0.0,0.011020408163265306,0.1259183673469388,0.14673469387755103,0.06571428571428573,0.0,0.0,0.02979591836734694,18.5,30.0,17.086734693877553,19.409727891156464,22.67353741496599,28.56387755102041,32.31537414965986,33.516190476190474,33.85142857142857,35.36911564625851,33.86374149659864,30.169251700680274,24.38142857142857,20.014897959183674,25.411020408163267
North,1999,18.5,30.0,0.0,0.0,0.0,0.0006122448979591836,0.007346938775510204,0.004897959183673469,0.31551020408163266,0.7420408163265306,0.09040816326530611,0.028367346938775514,0.0,0.0,0.10081632653061223,18.5,30.0,19.091496598639456,24.024625850340136,23.920068027210885,27.31795918367347,32.96027210884353,33.255918367346936,33.87408163265306,33.95149659863946,33.38394557823129,30.093945578231295,23.74047619047619,19.921020408163265,26.26156462585034
North,2000,18.5,30.0,0.0,0.0,0.0,0.0,0.02816326530612245,0.0,0.07102040816326531,0.017959183673469388,0.02816326530612245,0.01163265306122449,0.0,0.0,0.012857142857142857,18.5,30.0,17.294013605442174,18.850408163265307,22.539591836734694,29.39687074829932,31.575850340136054,32.84265306122449,34.534013605442176,34.66176870748299,32.68489795918367,26.82013605442177,22.68863945578231,17.953537414965986,25.170408163265307
North,2001,18.5,30.0,0.0,0.0,0.0,0.0,0.019795918367346937,0.0,0.001836734693877551,0.2853061224489796,0.04673469387755102,0.03306122448979592,0.0,0.0,0.032448979591836735,18.5,30.0,17.981768707482995,20.34278911564626,25.390136054421767,28.858911564625853,32.07496598639455,31.70700680272109,33.03700680272109,34.791428571428575,33.937891156462584,28.572380952380954,22.905578231292516,18.950408163265305,26.16646258503401
North,2002,18.5,30.0,0.0,0.0,0.0,0.0,0.02877551020408163,0.005714285714285713,0.001836734693877551,0.03571428571428571,0.02020408163265306,0.00040816326530612246,0.0,0.0,0.00816326530612245,18.5,30.0,14.685510204081632,22.041496598639455,24.099387755102043,28.212312925170068,30.392653061224493,33.299727891156465,34.72210884353741,34.83360544217687,34.169183673469384,30.28455782312925,25.00761904761905,19.712585034013607,25.167551020408165
North,2003,18.5,30.0,0.0,0.0,0.0,0.0,0.0008163265306122449,0.001836734693877551,0.07510204081632653,0.11571428571428571,0.01183673469387755,0.002448979591836735,0.0,0.012448979591836735,0.019183673469387756,18.5,30.0,19.315374149659863,21.274421768707484,23.378231292517007,29.296190476190475,32.03741496598639,33.84680272108843,33.78442176870749,34.74455782312925,33.17374149659864,30.346734693877554,24.58598639455782,19.96687074829932,26.6721768707483
North,2004,18.5,30.0,0.0,0.0,0.0,0.0,0.0028571428571428576,0.0014285714285714288,0.003673469387755102,0.030204081632653063,0.007755102040816327,0.008775510204081634,0.0,0.0,0.004081632653061225,18.5,30.0,19.40353741496599,19.923333333333332,24.410204081632653,29.052312925170064,33.194761904761904,33.24986394557823,34.060476190476194,34.53714285714286,32.23639455782313,29.68857142857143,23.262857142857143,18.564421768707483,26.367414965986395
North,2005,18.5,30.0,0.0,0.0,0.0,0.0,0.015306122448979591,0.0006122448979591836,0.27714285714285714,0.2930612244897959,0.04959183673469388,0.007346938775510204,0.0,0.0,0.05448979591836735,18.5,30.0,18.009319727891157,22.914625850340137,24.738979591836735,28.39360544217687,30.804353741496598,33.905578231292516,34.53993197278911,34.756462585034015,33.28639455782313,28.421292517006805,22.27027210884354,21.140544217687072,25.858367346938774
North,2006,18.5,30.0,0.0,0.0,0.0,0.01142857142857143,0.0463265306122449,0.016938775510204084,0.00040816326530612246,0.08346938775510204,0.025714285714285714,0.01142857142857143,0.0,0.0,0.01653061224489796,18.5,30.0,20.73401360544218,22.6078231292517,23.52734693877551,27.250476190476192,32.19176870748299,34.02455782312925,33.63707482993197,34.61136054421769,33.43170068027211,29.28625850340136,21.74170068027211,15.557074829931972,25.496530612244896
North,2007,18.5,30.0,0.0,0.0,0.0,0.0,0.0012244897959183673,0.011836734693877552,0.6322448979591837,0.5906122448979592,0.038979591836734696,0.0038775510204081634,0.0,0.0,0.10836734693877552,18.5,30.0,16.646462585034016,20.589251700680272,24.65517006802721,28.648843537414965,32.53625850340136,33.254013605442175,33.771904761904764,34.37020408163265,31.364285714285714,29.3265306122449,24.02469387755102,19.239115646258504,25.625238095238092
North,2008,18.5,30.0,0.0020408163265306124,0.0,0.0,0.0032653061224489797,0.0,0.0006122448979591838,0.017755102040816328,0.03142857142857143,0.028367346938775507,0.011224489795918368,0.0,0.0,0.007755102040816327,18.5,30.0,17.704761904761906,17.76578231292517,25.633061224489797,28.230544217687076,30.847414965986392,33.68020408163265,33.62448979591837,35.10741496598639,33.52176870748299,27.905238095238094,23.329795918367346,19.90829931972789,25.385510204081633
North,2009,18.5,30.0,0.0,0.0,0.0,0.0,0.011020408163265306,0.0,0.06163265306122449,0.15244897959183673,0.015306122448979591,0.014285714285714287,0.0,0.0,0.021632653061224492,18.5,30.0,18.96557823129252,21.16265306122449,22.99748299319728,29.397414965986396,30.526122448979592,32.9656462585034,34.59231292517006,34.10095238095238,33.64659863945578,29.56639455782313,22.990544217687077,18.04176870748299,26.392857142857142
North,2010,18.5,30.0,0.0,0.00020408163265306123,0.0,0.0016326530612244899,0.00040816326530612246,0.0,0.12897959183673469,0.2046938775510204,0.031020408163265307,0.00040816326530612246,0.0,0.0,0.031224489795918367,18.5,30.0,21.542380952380952,21.610884353741497,25.48401360544218,28.197006802721088,31.221836734693877,34.446938775510205,34.324013605442175,35.50748299319728,33.16387755102041,31.154625850340132,25.743469387755102,19.644897959183673,26.77795918367347
North,2011,18.5,30.0,0.0,0.0,0.0,0.0,0.04469387755102041,0.0,0.05081632653061225,0.05285714285714285,0.005306122448979592,0.0,0.0,0.0,0.013061224489795919,18.5,30.0,17.526054421768706,21.46170068027211,23.005578231292517,27.416326530612242,30.46020408163265,33.56040816326531,33.99748299319728,34.24816326530612,30.92204081632653,28.548979591836734,20.561632653061224,18.635238095238098,25.87455782312925
North,2012,18.5,30.0,0.0,0.0,0.0,0.0,0.010612244897959184,0.020816326530612245,0.15122448979591838,0.2826530612244898,0.007959183673469388,0.025714285714285714,0.0,0.0,0.04244897959183674,18.5,30.0,16.58204081632653,21.99170068027211,22.485714285714288,28.976802721088436,32.15278911564626,34.44734693877551,34.76074829931973,34.169863945578236,31.69006802721088,29.12340136054422,23.618231292517006,18.538095238095238,25.16170068027211
North,2013,18.5,30.0,0.0,0.0,0.0,0.0,0.0,0.00020408163265306123,0.022040816326530613,0.24142857142857144,0.012244897959183673,0.00040816326530612246,0.0,0.0,0.02306122448979592,18.5,30.0,19.49734693877551,21.484761904761907,25.529455782312926,26.814557823129253,31.788231292517008,33.610408163265305,32.706054421768705,33.56394557823129,32.19877551020409,26.53857142857143,23.277755102040818,19.21877551020408,25.70986394557823
North,2014,18.5,30.0,0.0,0.0,0.001836734693877551,0.00040816326530612246,0.006122448979591836,0.020816326530612245,0.42346938775510207,0.21346938775510205,0.019591836734693877,0.014285714285714285,0.0,0.0,0.05897959183673469,18.5,30.0,18.87170068027211,19.83612244897959,25.515646258503402,29.159523809523808,31.890884353741498,33.45108843537415,34.52510204081632,34.27503401360544,32.62394557823129,28.291428571428572,21.847210884353743,20.05687074829932,26.295646258503403
North,2015,18.5,30.0,0.0,0.0,0.0,0.0,0.0,0.0020408163265306124,0.0,0.014285714285714287,0.004285714285714286,0.00020408163265306123,0.0,0.0,0.0014285714285714288,18.5,30.0,16.66734693877551,21.98938775510204,25.91013605442177,25.617891156462584,31.163333333333334,33.63809523809524,33.908911564625846,36.59537414965987,34.572585034013606,29.02952380952381,22.3165306122449,16.17156462585034,24.957619047619048
North,2016,18.5,30.0,0.0,0.0,0.0,0.0,0.05020408163265306,0.0,0.38551020408163267,0.43612244897959185,0.0,0.0,0.0,0.0,0.07448979591836735,18.5,30.0,15.094421768707484,19.851632653061223,26.483809523809523,27.989659863945583,32.25503401360544,34.32020408163265,34.4221768707483,33.62068027210884,32.42006802721088,29.127551020408163,23.653061224489797,18.51061224489796,25.54108843537415
North,2017,18.5,30.0,0.0,0.0,0.001836734693877551,0.0022448979591836735,0.003469387755102041,0.008775510204081632,0.04122448979591837,0.18122448979591838,0.0067346938775510205,0.0,0.0,0.0,0.02040816326530612,18.5,30.0,19.666122448979593,18.690952380952382,23.191904761904762,28.772585034013602,32.25612244897959,34.631088435374146,34.58326530612245,35.01897959183673,33.3191156462585,27.98673469387755,21.95795918367347,20.66639455782313,26.025306122448978
North,2018,18.5,30.0,0.0,0.0006122448979591836,0.0,0.0,0.009387755102040816,0.0,0.236734693877551,0.23693877551020406,0.052653061224489796,0.002653061224489796,0.0,0.0,0.045306122448979594,18.5,30.0,16.442857142857143,22.70095238095238,26.345238095238095,27.469863945578233,32.88585034013606,33.83802721088435,34.38877551020408,34.548707482993194,34.29401360544218,29.619931972789118,22.407142857142855,17.128979591836735,26.02482993197279
North,2019,18.5,30.0,0.00020408163265306123,0.00020408163265306123,0.0,0.0,0.003061224489795918,0.007755102040816327,0.02510204081632653,0.4610204081632653,0.07755102040816327,0.1742857142857143,0.0,0.004693877551020408,0.06306122448979591,18.5,30.0,19.49931972789116,21.28925170068027,23.157551020408164,27.240748299319726,31.806122448979593,35.19156462585034,34.83455782312925,35.10040816326531,33.513061224489796,29.678367346938778,23.221972789115647,17.691632653061227,26.039659863945577
North,2020,18.5,30.0,0.00040816326530612246,0.0,0.0,0.0,0.03428571428571429,0.0,0.19224489795918367,0.5324489795918367,0.1469387755102041,0.0,0.0,0.0,0.07591836734693878,18.5,30.0,16.31836734693878,17.909455782312925,25.400748299319726,27.86326530612245,31.041156462585036,33.34102040816327,33.88891156462585,33.94272108843538,34.24578231292517,29.952993197278914,21.39251700680272,20.6943537414966,25.265714285714285
North,2021,18.5,30.0,0.0,0.0,0.0,0.0,0.009387755102040816,0.004081632653061225,0.46183673469387754,0.2283673469387755,0.2861224489795918,0.00836734693877551,0.0014285714285714288,0.02040816326530612,0.08612244897959183,18.5,30.0,18.723741496598638,19.435034013605442,24.69707482993197,27.085646258503402,31.784421768707485,35.00557823129252,35.06551020408163,34.64081632653061,32.091292517006806,29.308571428571426,24.348979591836734,18.52904761904762,26.171360544217688
North,2022,18.5,30.0,0.001836734693877551,0.0,0.0,0.0,0.0,0.08265306122448979,0.18714285714285714,0.6073469387755102,0.05408163265306122,0.0,0.0,0.0,0.0789795918367347,18.5,30.0,16.633945578231295,16.640884353741498,22.54374149659864,30.28578231292517,31.927142857142858,34.26061224489796,33.87734693877551,33.664693877551024,33.22312925170068,28.49877551020408,21.639319727891156,19.15340136054422,25.02659863945578
North,2023,18.5,30.0,0.0,0.0,0.0,0.00020408163265306123,0.0,0.03163265306122449,0.09081632653061225,0.5210204081632653,0.0020408163265306124,0.0,0.00020408163265306123,0.0,0.05510204081632653,18.5,30.0,18.98857142857143,19.1456462585034,24.270884353741497,27.31823129251701,31.60333333333333,34.67394557823129,35.27476190476191,35.64462585034014,34.50911564625851,30.697278911564627,24.724149659863944,19.939115646258504,26.741020408163266
North,2024,18.5,30.0,0.0,0.0,0.0006122448979591836,0.0,0.0,0.01142857142857143,0.546530612244898,1.726326530612245,0.11714285714285715,0.0,0.0,0.0,0.20346938775510207,18.5,30.0,17.814965986394558,18.489591836734693,25.727142857142855,28.643809523809526,31.76006802721088,35.447482993197276,35.64768707482993,33.456870748299316,33.622244897959185,28.095442176870748,20.767142857142858,18.607142857142858,26.21095238095238
South,1990,10.5,30.625,0.0017142857142857142,0.009428571428571429,0.0034285714285714284,0.07914285714285714,0.7011428571428571,1.782,6.914000000000001,5.071714285714285,3.6682857142857146,1.5282857142857142,0.12114285714285715,0.020857142857142855,1.6757142857142857,10.5,30.625,27.129428571428573,27.425619047619048,28.957238095238097,32.27695238095238,32.430190476190475,31.097619047619048,26.69152380952381,25.639714285714287,26.70361904761905,29.19047619047619,30.02866666666667,29.982476190476188,29.183142857142858
South,1991,10.5,30.625,0.0017142857142857144,0.0054285714285714284,0.007142857142857143,0.7825714285714286,4.082571428571428,2.6917142857142857,2.9457142857142857,2.4985714285714287,3.901142857142857,2.6962857142857146,0.0017142857142857142,0.0,1.6457142857142857,10.5,30.625,26.533333333333335,28.323714285714285,30.918761904761904,32.280857142857144,31.460666666666665,28.659714285714287,26.69609523809524,27.023809523809526,27.86285714285714,28.361238095238093,28.488666666666667,26.813714285714287,28.673428571428573
South,1992,10.5,30.625,0.009428571428571429,0.0074285714285714285,0.002285714285714286,0.21714285714285714,0.9625714285714285,4.59,3.991428571428571,4.044,3.4545714285714286,2.876571428571429,0.07514285714285714,0.0008571428571428571,1.6908571428571428,10.5,30.625,25.058285714285713,26.360000000000003,30.54771428571429,32.209809523809525,32.681714285714285,29.095904761904762,27.083809523809524,25.887238095238093,27.013619047619045,28.104380952380954,27.749714285714283,26.349142857142855,27.526190476190475
South,1993,10.5,30.625,0.015142857142857144,0.0,0.061142857142857145,1.216,4.050857142857143,4.443142857142857,8.357142857142858,5.91,5.449142857142857,2.2905714285714285,0.021142857142857144,0.002,2.6717142857142857,10.5,30.625,25.84552380952381,26.525238095238095,31.512857142857143,31.31904761904762,32.02609523809524,27.769809523809524,25.615904761904762,25.201619047619047,25.93495238095238,27.17438095238095,28.155714285714286,28.414380952380956,27.55695238095238
South,1994,10.5,30.625,0.0,0.02857142857142857,0.007142857142857143,0.2914285714285714,2.8151428571428574,4.642285714285714,7.719428571428572,5.267142857142857,5.077999999999999,2.2545714285714284,0.10657142857142857,0.006571428571428572,2.3682857142857143,10.5,30.625,28.712095238095237,27.907809523809526,30.07790476190476,32.867714285714285,31.479142857142858,28.387619047619047,25.553714285714285,24.978190476190477,26.23038095238095,27.54638095238095,26.87933333333333,26.206476190476188,28.521523809523806
South,1995,10.5,30.625,0.004,0.037714285714285714,0.14542857142857143,0.5337142857142857,2.3488571428571428,5.2865714285714285,6.542571428571429,5.9068571428571435,5.653142857142858,2.920857142857143,0.32371428571428573,0.013428571428571429,2.4914285714285715,10.5,30.625,27.630476190476188,28.0967619047619,29.96409523809524,31.923714285714283,30.40152380952381,28.763238095238094,25.665238095238095,25.322666666666667,25.968095238095238,26.86542857142857,25.42409523809524,26.586285714285715,28.63647619047619
South,1996,10.5,30.625,0.018,0.06485714285714286,0.5391428571428571,1.0931428571428572,3.8699999999999997,4.193714285714286,6.365428571428571,7.056285714285714,6.709428571428571,2.7737142857142856,0.19028571428571428,0.006857142857142858,2.7511428571428573,10.5,30.625,27.129809523809524,29.565619047619048,30.909333333333333,31.705238095238098,30.182761904761904,27.92752380952381,26.23257142857143,25.026476190476192,25.46390476190476,25.028476190476194,25.11409523809524,26.57704761904762,28.44495238095238
South,1997,10.5,30.625,0.0008571428571428571,0.0037142857142857142,0.25457142857142856,1.2434285714285715,3.4148571428571426,4.392285714285714,8.007428571428571,7.074,2.912285714285714,3.525142857142857,0.17142857142857143,0.012285714285714285,2.609714285714286,10.5,30.625,26.63752380952381,26.266761904761907,30.89990476190476,30.78657142857143,29.323714285714285,28.91314285714286,25.99247619047619,25.628761904761905,27.034761904761904,27.27904761904762,26.112190476190477,26.843523809523813,27.86904761904762
South,1998,10.5,30.625,0.02428571428571429,0.0,0.02057142857142857,0.19,1.8094285714285714,2.814,6.146857142857143,4.764857142857143,4.453428571428572,3.664285714285714,0.06285714285714286,0.0,2.013714285714286,10.5,30.625,26.04809523809524,27.44742857142857,30.704095238095235,33.49238095238095,32.80161904761905,30.535428571428568,26.760380952380952,25.46390476190476,26.453333333333333,27.316285714285716,27.949523809523807,27.776761904761905,28.72342857142857
South,1999,10.5,30.625,0.001142857142857143,0.013714285714285715,0.002285714285714286,0.4094285714285714,2.8285714285714287,4.438571428571429,4.638000000000001,5.585428571428571,3.985142857142857,4.404571428571429,0.005714285714285714,0.0014285714285714286,2.2102857142857144,10.5,30.625,28.106571428571428,31.89847619047619,30.299238095238096,31.812285714285714,30.255809523809525,29.109333333333332,25.735047619047617,25.209142857142858,26.42390476190476,26.737142857142857,27.06352380952381,27.776857142857143,29.016666666666666
South,2000,10.5,30.625,0.0,0.0037142857142857142,0.001142857142857143,0.5474285714285715,2.6294285714285714,1.638,4.946571428571429,3.7939999999999996,3.6382857142857143,2.31,0.01542857142857143,0.0014285714285714286,1.6382857142857143,10.5,30.625,26.61647619047619,28.495904761904765,30.27209523809524,32.41342857142857,31.808,30.500666666666667,27.515619047619047,26.784666666666666,27.714666666666666,27.52466666666667,28.366285714285716,26.529809523809526,28.80247619047619
South,2001,10.5,30.625,0.0,0.001142857142857143,0.004,1.1165714285714285,1.7448571428571429,2.633142857142857,4.597142857142857,5.573142857142857,3.3737142857142857,1.5779999999999998,0.14685714285714285,0.00028571428571428574,1.744,10.5,30.625,25.64142857142857,28.522666666666666,31.272190476190474,32.17038095238095,32.77571428571429,29.966380952380952,28.32590476190476,26.624190476190474,27.149428571428572,28.333809523809524,28.469238095238094,28.059333333333335,28.600380952380952
South,2002,10.5,30.625,0.0,0.004285714285714286,0.039142857142857146,0.029714285714285714,1.2211428571428573,1.0802857142857143,1.7542857142857142,3.2722857142857142,3.642,1.4574285714285713,0.02,0.0,1.0494285714285714,10.5,30.625,24.596571428571426,29.666666666666668,31.33361904761905,32.969142857142856,33.520761904761905,30.922857142857143,31.09942857142857,29.512380952380955,29.915523809523812,30.06438095238095,30.52961904761905,27.05390476190476,28.698761904761902
South,2003,10.5,30.625,0.0,0.0,0.004857142857142858,0.14257142857142857,0.3522857142857143,2.428,3.6342857142857143,4.039714285714286,1.8191428571428572,1.5674285714285714,0.22571428571428573,0.002857142857142857,1.1948571428571428,10.5,30.625,27.366952380952384,29.91190476190476,31.549714285714284,33.12828571428571,32.80533333333333,30.821714285714286,27.92666666666667,27.00685714285714,29.63114285714286,30.834666666666667,30.318666666666665,27.768476190476193,29.712952380952384
South,2004,10.5,30.625,0.0,0.0,0.14771428571428571,0.8525714285714285,1.1234285714285714,2.7657142857142856,2.4785714285714286,5.558,2.6734285714285715,1.4237142857142857,0.05885714285714286,0.0,1.4288571428571428,10.5,30.625,28.414666666666665,27.86504761904762,31.35980952380952,31.869333333333334,33.01076190476191,29.925714285714285,29.475142857142856,27.857904761904763,28.96342857142857,30.413047619047617,29.872571428571426,27.099619047619047,29.387238095238093
South,2005,10.5,30.625,0.0,0.0,0.001142857142857143,0.24057142857142857,0.8037142857142857,2.4877142857142855,4.545142857142857,4.7782857142857145,4.334,1.3265714285714285,0.022571428571428572,0.004,1.5554285714285714,10.5,30.625,26.21904761904762,31.210380952380955,31.513619047619045,33.57742857142857,32.23009523809524,30.284666666666666,27.81152380952381,27.61647619047619,27.61342857142857,28.961238095238095,28.95133333333333,28.64038095238095,29.231238095238098
South,2006,10.5,30.625,0.0,0.0008571428571428571,0.056857142857142856,0.10085714285714285,1.4554285714285713,1.4548571428571428,3.7631428571428573,4.039714285714285,3.8645714285714283,2.621714285714286,0.015714285714285715,0.0,1.46,10.5,30.625,28.762,30.131047619047617,30.984666666666666,31.852666666666668,32.38666666666666,31.68247619047619,29.438190476190478,27.357333333333333,27.961142857142857,29.174857142857142,27.14742857142857,25.40942857142857,28.435619047619046
South,2007,10.5,30.625,0.0,0.0,0.056,0.892,1.7854285714285716,3.2725714285714282,8.644857142857143,5.115142857142857,4.662857142857143,2.6728571428571426,0.144,0.015714285714285715,2.291142857142857,10.5,30.625,25.75057142857143,28.53514285714286,31.043142857142858,32.13161904761905,32.46742857142857,29.592761904761907,25.990380952380956,25.294190476190476,25.84342857142857,27.597523809523807,28.166952380952385,27.28819047619048,28.627809523809525
South,2008,10.5,30.625,0.0008571428571428571,0.0,0.01,1.333142857142857,0.7148571428571429,3.5114285714285716,1.5748571428571427,2.9560000000000004,3.1117142857142857,1.3271428571428572,0.0074285714285714285,0.0005714285714285715,1.21,10.5,30.625,27.65142857142857,27.32542857142857,31.810095238095236,31.83209523809524,31.478952380952382,30.48609523809524,28.548761904761903,27.694190476190474,28.63647619047619,28.32504761904762,28.965047619047617,28.327809523809524,29.08895238095238
South,2009,10.5,30.625,0.007142857142857143,0.0014285714285714286,0.002285714285714286,0.39971428571428574,0.3802857142857143,2.1114285714285717,3.286,3.387142857142857,3.0225714285714282,0.992,0.06342857142857143,0.002857142857142857,1.1448571428571428,10.5,30.625,28.30028571428571,30.296857142857142,30.62838095238095,32.08742857142857,32.73457142857143,31.245904761904765,28.04638095238095,28.410095238095238,28.742952380952378,30.11409523809524,29.840857142857143,27.566190476190474,30.07466666666667
South,2010,10.5,30.625,0.0,0.014285714285714285,0.016,0.23399999999999999,1.0474285714285714,3.137142857142857,3.379142857142857,4.908571428571429,3.580857142857143,2.272,0.10142857142857144,0.0037142857142857142,1.5677142857142856,10.5,30.625,28.77504761904762,29.969428571428573,31.102095238095234,32.998,32.511809523809525,29.411619047619045,27.882095238095236,27.126571428571427,27.173238095238094,29.002285714285712,29.362761904761907,28.20133333333333,29.813904761904762
South,2011,10.5,30.625,0.0,0.0,0.014285714285714285,0.037714285714285714,1.74,2.3282857142857143,2.4705714285714286,3.4237142857142855,2.3305714285714285,2.0294285714285714,0.03142857142857143,0.0008571428571428572,1.211142857142857,10.5,30.625,26.766761904761907,28.708190476190477,29.863999999999997,32.72380952380952,32.31219047619048,30.16838095238095,28.841238095238094,27.666095238095238,28.306285714285714,28.74657142857143,26.756095238095238,26.61885714285714,28.919809523809523
South,2012,10.5,30.625,0.002285714285714286,0.0,0.0,0.1362857142857143,2.232857142857143,2.1951428571428573,5.351714285714285,5.115714285714286,4.1094285714285705,1.6537142857142857,0.11599999999999999,0.010857142857142857,1.7545714285714287,10.5,30.625,26.74942857142857,29.42304761904762,30.33104761904762,32.08009523809524,31.602476190476192,29.815619047619048,26.16704761904762,25.35457142857143,26.157714285714285,27.548190476190477,28.221333333333334,27.260380952380952,28.70847619047619
South,2013,10.5,30.625,0.0025714285714285713,0.00028571428571428574,0.012,0.1625714285714286,2.5628571428571427,3.463142857142857,2.9085714285714284,4.861142857142856,4.550857142857143,1.4988571428571429,0.09142857142857143,0.0074285714285714285,1.6865714285714286,10.5,30.625,28.424857142857142,29.798571428571428,31.643428571428572,31.73609523809524,30.955714285714286,29.34952380952381,27.30161904761905,25.863142857142858,26.527142857142856,27.15552380952381,28.48361904761905,26.926095238095236,28.64104761904762
South,2014,10.5,30.625,0.00028571428571428574,0.0014285714285714286,0.09542857142857142,1.8394285714285712,4.790285714285714,4.4311428571428575,6.858,6.489428571428571,6.936571428571429,5.970285714285715,0.05885714285714286,0.037142857142857144,3.148857142857143,10.5,30.625,27.960285714285714,28.233333333333334,30.80857142857143,31.488285714285713,29.702476190476187,28.172666666666668,26.175809523809523,24.86847619047619,25.522666666666666,25.215142857142858,23.87504761904762,25.126380952380952,27.811333333333334
South,2015,10.5,30.625,0.0,0.0,0.5297142857142857,0.007142857142857143,3.0397142857142856,6.0931428571428565,5.246857142857142,7.448857142857142,5.857714285714286,5.3905714285714295,0.06371428571428571,0.3954285714285714,2.861142857142857,10.5,30.625,25.20295238095238,29.745904761904765,32.359428571428566,31.54733333333333,31.058857142857143,28.90495238095238,27.53590476190476,25.94904761904762,26.590095238095238,26.236761904761906,25.290666666666667,23.128,27.09695238095238
South,2016,10.5,30.625,0.0,0.0,0.021714285714285714,0.8482857142857143,6.904571428571429,3.8137142857142856,8.537428571428572,7.910285714285715,6.474,4.405428571428572,0.0,0.0,3.266285714285714,10.5,30.625,24.714380952380953,28.69180952380952,33.23980952380952,32.86419047619048,29.815809523809524,28.21447619047619,25.965999999999998,25.43952380952381,25.983333333333334,26.591333333333335,25.83361904761905,26.447809523809525,28.268666666666668
South,2017,10.5,30.625,0.0,0.044571428571428574,0.02942857142857143,0.3422857142857143,3.960285714285715,5.782,7.478571428571429,6.801714285714286,5.408857142857143,2.931142857142857,0.2671428571428571,0.0,2.7728571428571427,10.5,30.625,27.76685714285714,27.495904761904765,31.04552380952381,32.91276190476191,31.45228571428571,28.438,26.149238095238097,25.394285714285715,25.790095238095237,25.818761904761903,25.683428571428575,27.37457142857143,28.419428571428572
South,2018,10.5,30.625,0.0037142857142857142,0.002,0.08514285714285715,0.04314285714285714,3.5277142857142856,3.875714285714286,4.823142857142857,6.593714285714285,6.583714285714286,2.622,0.006000000000000001,0.0005714285714285715,2.363714285714286,10.5,30.625,25.69152380952381,29.919904761904764,30.70009523809524,31.605238095238096,31.681809523809527,28.291047619047617,26.470761904761904,25.920380952380953,26.96180952380952,27.310952380952383,27.02466666666667,27.10895238095238,28.671142857142854
South,2019,10.5,30.625,0.0,0.006571428571428572,0.004571428571428572,0.25457142857142856,3.236285714285714,6.530285714285714,5.8991428571428575,6.598571428571428,8.209428571428571,5.0205714285714285,0.08714285714285715,0.07885714285714286,3.0102857142857142,10.5,30.625,29.00295238095238,29.718,31.429523809523808,32.98580952380953,33.13466666666667,27.51961904761905,26.434,25.318380952380952,26.134,24.471809523809522,24.505142857142857,23.997904761904763,28.34771428571429
South,2020,10.5,30.625,0.0,0.0,0.0017142857142857144,0.18371428571428572,3.5762857142857145,3.7277142857142858,7.27,7.628571428571429,7.362,3.7888571428571423,0.10800000000000001,0.010857142857142857,2.818857142857143,10.5,30.625,24.280571428571427,27.50733333333333,31.318285714285715,32.61266666666667,30.99942857142857,29.176190476190477,26.705904761904762,25.315619047619048,26.18552380952381,26.72038095238095,24.78219047619048,26.219142857142856,27.31304761904762
South,2021,10.5,30.625,0.00028571428571428574,0.0,0.0005714285714285715,0.43542857142857144,4.3191428571428565,4.548857142857143,9.15457142857143,6.889714285714286,7.638285714285714,2.8431428571428574,0.8811428571428571,0.012285714285714285,3.0822857142857143,10.5,30.625,27.265333333333334,27.697238095238095,31.418857142857142,32.40257142857143,30.195904761904764,29.764952380952383,26.113904761904763,25.527142857142856,25.995809523809523,26.940761904761906,26.464190476190474,26.185142857142857,28.72590476190476
South,2022,10.5,30.625,0.009142857142857144,0.0,0.00028571428571428574,0.33057142857142857,2.3285714285714287,4.559142857142857,10.987428571428572,6.948571428571428,6.993714285714286,3.7808571428571423,0.004571428571428572,0.004,3.020285714285714,10.5,30.625,26.555428571428575,27.09495238095238,30.927714285714284,34.034285714285716,32.008,29.77171428571429,26.840666666666667,24.919809523809523,25.51057142857143,25.528380952380953,25.553428571428572,25.738666666666667,28.704761904761906
South,2023,10.5,30.625,0.00028571428571428574,0.0,0.0,0.802,1.2220000000000002,6.210857142857143,6.611142857142857,6.470857142857143,4.649714285714286,5.506285714285714,1.0642857142857143,0.007142857142857143,2.7285714285714286,10.5,30.625,27.31457142857143,28.381714285714285,30.820190476190476,32.281333333333336,32.597904761904765,29.13142857142857,27.067904761904764,27.026285714285713,27.326190476190476,27.693714285714286,27.330952380952382,26.146190476190476,28.790190476190475
South,2024,10.5,30.625,0.002,0.036571428571428574,0.033428571428571426,0.1542857142857143,2.174,4.761142857142857,7.754,9.168857142857142,6.941428571428571,4.4794285714285715,0.038571428571428576,0.0074285714285714285,2.9785714285714286,10.5,30.625,26.212380952380954,28.54152380952381,31.894857142857145,33.42333333333333,33.69238095238095,30.156285714285712,27.461999999999996,25.44238095238095,26.864666666666665,25.84285714285714,24.993619047619045,26.011714285714287,29.12238095238095
West,1990,12.5,26.875,0.0,0.0,0.0,0.0,0.1389795918367347,0.7242857142857143,5.464489795918367,2.545918367346939,1.9042857142857144,0.6302040816326531,0.0024489795918367346,0.0,0.9618367346938776,12.5,26.875,22.76843537414966,23.17448979591837,25.036326530612246,30.25687074829932,32.09489795918367,31.64122448979592,28.834285714285716,28.062789115646254,29.062380952380952,28.795238095238094,27.463333333333335,26.152721088435374,26.658775510204084
West,1991,12.5,26.875,0.0,0.0,0.0008163265306122449,0.47897959183673466,1.2248979591836733,1.0477551020408165,1.782857142857143,2.1551020408163266,1.5410204081632655,0.3463265306122449,0.0,0.0,0.72,12.5,26.875,22.68394557823129,24.914625850340133,27.973333333333333,31.078299319727893,32.62625850340137,31.91340136054422,29.47258503401361,28.72170068027211,29.556122448979593,29.172857142857143,26.193197278911565,22.271020408163267,26.569251700680272
West,1992,12.5,26.875,0.0,0.0,0.0,0.05591836734693878,0.16530612244897958,1.7491836734693875,2.5618367346938777,4.2338775510204085,1.8483673469387754,1.006938775510204,0.03326530612244898,0.0,0.976326530612245,12.5,26.875,20.99231292517007,22.030340136054424,27.269931972789113,30.246938775510205,31.708707482993198,31.321088435374147,29.72108843537415,27.65265306122449,28.080544217687077,27.501292517006803,24.77095238095238,21.64687074829932,24.98081632653061
West,1993,12.5,26.875,0.0,0.00040816326530612246,0.003673469387755102,0.30326530612244895,2.0714285714285716,1.4748979591836733,3.809795918367347,3.6812244897959183,2.033673469387755,0.5728571428571428,0.0,0.00020408163265306123,1.1744897959183673,12.5,26.875,21.474693877551022,22.96455782312925,28.845646258503404,30.228095238095236,31.69612244897959,30.16136054421769,28.59591836734694,27.93312925170068,28.4191156462585,27.79,26.189047619047617,24.871632653061226,25.61952380952381
West,1994,12.5,26.875,0.0,0.0028571428571428576,0.0,0.013469387755102041,0.8751020408163266,1.5746938775510204,4.342448979591837,5.688163265306122,5.233877551020408,0.6236734693877551,0.008571428571428572,0.0,1.5408163265306123,12.5,26.875,24.74591836734694,23.574761904761903,26.7187074829932,30.77938775510204,31.213945578231293,30.478435374149658,27.850068027210884,26.60326530612245,26.381972789115647,27.55108843537415,24.225238095238097,21.23795918367347,25.848979591836734
West,1995,12.5,26.875,0.0,0.00040816326530612246,0.020612244897959184,0.11040816326530613,0.236734693877551,2.5344897959183674,5.302857142857143,4.02469387755102,3.7193877551020407,1.2222448979591838,0.017755102040816328,0.0,1.442448979591837,12.5,26.875,23.170952380952382,24.65360544217687,27.433741496598643,29.24034013605442,30.670680272108843,31.56476190476191,28.217687074829932,27.509319727891157,27.874013605442173,26.86408163265306,23.82231292517007,22.625238095238092,26.54027210884354
West,1996,12.5,26.875,0.0,0.03877551020408163,0.09346938775510204,0.2089795918367347,0.8879591836734694,1.420204081632653,2.38,5.264285714285714,3.6091836734693876,1.390204081632653,0.021836734693877553,0.0,1.2824489795918366,12.5,26.875,22.440884353741495,25.356326530612247,28.52054421768708,29.565918367346935,32.41591836734694,30.745102040816324,29.67721088435374,27.967551020408166,27.981020408163264,25.90918367346939,24.297210884353742,23.040408163265308,26.49340136054422
West,1997,12.5,26.875,0.0,0.0,0.024489795918367346,0.23551020408163265,1.0136734693877552,2.1118367346938776,6.1026530612244905,4.109591836734694,0.9491836734693877,0.5755102040816327,0.007142857142857143,0.00489795918367347,1.276122448979592,12.5,26.875,22.201156462585036,21.46952380952381,28.192857142857147,30.16931972789116,30.545170068027215,30.993809523809524,28.277959183673467,27.686530612244898,29.428571428571427,28.588367346938774,25.622108843537415,23.542448979591835,25.442108843537415
West,1998,12.5,26.875,0.0,0.0,0.0,0.1620408163265306,0.27979591836734696,0.09285714285714286,2.7875510204081633,5.05795918367347,3.5148979591836733,1.1969387755102041,0.0,0.0,1.1014285714285714,12.5,26.875,21.780408163265303,24.4921768707483,27.99312925170068,31.224149659863944,32.94299319727891,33.04850340136054,30.159795918367344,27.784829931972787,27.958231292517006,27.772857142857145,26.480204081632653,23.724149659863944,26.31408163265306
West,1999,12.5,26.875,0.0,0.0,0.0,0.012653061224489795,0.4304081632653061,0.9220408163265306,4.450612244897959,5.505306122448979,2.5024489795918368,1.8732653061224491,0.0,0.0,1.323469387755102,12.5,26.875,23.588775510204083,28.79755102040816,27.129319727891154,29.550136054421767,31.560408163265308,31.764693877551018,27.849931972789115,26.66891156462585,27.937006802721086,26.915238095238095,25.10809523809524,23.25013605442177,26.61591836734694
West,2000,12.5,26.875,0.0,0.0,0.0,0.04244897959183674,0.5463265306122449,0.7348979591836734,1.983061224489796,1.910408163265306,1.5995918367346937,0.8793877551020407,0.02653061224489796,0.0,0.6469387755102041,12.5,26.875,21.958639455782315,24.190068027210884,26.439387755102043,30.428979591836736,31.604829931972787,32.248503401360544,30.090748299319728,29.68857142857143,30.040136054421765,27.08517006802721,25.164217687074828,21.287278911564627,26.141020408163264
West,2001,12.5,26.875,0.0,0.0,0.0,0.05938775510204082,0.18183673469387757,0.30612244897959184,3.1514285714285712,3.234285714285714,1.6138775510204082,0.2173469387755102,0.0,0.0,0.7381632653061225,12.5,26.875,20.899115646258505,24.550272108843537,28.35544217687075,30.331836734693876,32.421088435374145,31.652789115646257,30.532448979591834,29.332721088435374,29.640748299319725,28.635034013605445,25.50068027210884,23.602244897959185,26.467959183673468
West,2002,12.5,26.875,0.0,0.0,0.0,0.0,0.646734693877551,0.18081632653061222,0.8881632653061226,2.3095918367346937,1.8338775510204082,0.12857142857142856,0.00020408163265306123,0.008775510204081632,0.5034693877551021,12.5,26.875,19.642312925170067,26.005578231292517,28.222857142857144,31.17585034013606,31.541360544217685,32.21115646258503,32.18102040816326,31.009455782312926,31.113061224489794,30.593129251700677,27.37156462585034,22.954353741496597,25.990544217687077
West,2003,12.5,26.875,0.0,0.0,0.0016326530612244899,0.01653061224489796,0.18244897959183673,1.0614285714285714,2.5512244897959184,2.6406122448979588,1.156938775510204,0.47183673469387755,0.00489795918367347,0.001836734693877551,0.6804081632653062,12.5,26.875,23.00156462585034,26.344421768707484,29.229659863945578,31.112517006802722,31.567755102040817,32.52639455782313,29.675306122448983,29.35469387755102,30.97238095238095,30.057142857142853,26.949863945578233,23.735578231292518,27.127142857142857
West,2004,12.5,26.875,0.0,0.0,0.007755102040816327,0.07938775510204082,0.20285714285714285,0.7461224489795919,0.5642857142857143,1.5332653061224488,1.3159183673469388,0.10408163265306122,0.00040816326530612246,0.0,0.38,12.5,26.875,24.52312925170068,23.44326530612245,27.8287074829932,30.417414965986392,32.90659863945579,32.32326530612245,31.793673469387755,30.826190476190476,30.95278911564626,30.106190476190474,26.09190476190476,22.469931972789116,27.36952380952381
West,2005,12.5,26.875,0.0,0.0,0.00040816326530612246,0.007346938775510204,0.4806122448979592,0.7736734693877552,3.638775510204082,4.460816326530612,2.5081632653061225,0.2573469387755102,0.0,0.0,1.0208163265306123,12.5,26.875,22.162108843537414,27.666258503401362,28.663673469387756,30.877074829931974,30.65857142857143,32.554149659863945,29.89918367346939,28.59374149659864,28.684897959183676,28.421292517006805,25.344353741496597,24.627006802721088,26.562925170068027
West,2006,12.5,26.875,0.0,0.0,0.00020408163265306123,0.0,0.22326530612244896,0.9551020408163264,2.9648979591836735,3.803673469387755,1.016530612244898,0.6183673469387755,0.0,0.0,0.8089795918367347,12.5,26.875,24.984421768707485,26.788639455782313,28.145102040816326,29.16551020408163,32.581428571428575,32.340204081632656,30.75251700680272,28.76530612244898,29.80904761904762,29.55489795918367,24.37142857142857,20.298299319727892,25.599931972789115
West,2007,12.5,26.875,0.0,0.0,0.0006122448979591836,0.046122448979591835,0.6732653061224491,1.5338775510204081,5.4983673469387755,6.177755102040816,2.1018367346938773,0.3622448979591837,0.02489795918367347,0.0,1.3844897959183675,12.5,26.875,20.371020408163265,25.128979591836735,27.72938775510204,30.44965986394558,32.59374149659864,31.750340136054422,28.484489795918368,26.99918367346939,26.77265306122449,27.668367346938776,25.697891156462585,23.02646258503401,25.844149659863948
West,2008,12.5,26.875,0.0,0.0,0.0006122448979591836,0.15326530612244899,0.26755102040816325,0.9393877551020409,1.7565306122448978,2.749387755102041,1.623061224489796,0.5873469387755103,0.0,0.0,0.6771428571428572,12.5,26.875,23.217278911564627,22.777551020408165,28.672925170068027,30.036462585034013,31.1156462585034,32.05537414965987,30.61312925170068,29.255034013605442,30.204353741496597,27.495442176870746,25.683333333333334,23.921496598639457,26.575442176870748
West,2009,12.5,26.875,0.0,0.0,0.0,0.03489795918367347,0.07,0.5316326530612245,2.732040816326531,3.4306122448979592,1.6993877551020407,0.4506122448979592,0.0163265306122449,0.0,0.7551020408163265,12.5,26.875,24.069795918367348,26.31768707482993,27.10265306122449,30.54238095238095,31.501428571428573,32.34394557823129,30.10503401360544,29.632653061224488,29.864285714285714,29.276530612244894,26.50469387755102,22.488367346938777,27.164421768707484
West,2010,12.5,26.875,0.0006122448979591836,0.007755102040816327,0.008571428571428572,0.00979591836734694,0.05918367346938775,1.0046938775510204,3.093061224489796,3.894285714285714,1.5157142857142856,0.8685714285714287,0.0008163265306122449,0.0,0.8812244897959184,12.5,26.875,25.36503401360544,26.208707482993198,28.07231292517007,30.799387755102043,31.622176870748298,32.01687074829932,29.67224489795918,28.657891156462586,29.107823129251702,29.23510204081633,26.78170068027211,23.514013605442177,27.551292517006804
West,2011,12.5,26.875,0.0,0.0,0.0,0.0006122448979591836,1.293469387755102,0.28775510204081634,2.433061224489796,3.2024489795918365,1.8220408163265307,0.7875510204081634,0.0,0.0,0.8287755102040816,12.5,26.875,21.947414965986393,25.524557823129253,26.18265306122449,30.428027210884355,31.085578231292516,31.867619047619048,30.401496598639458,28.802312925170064,29.28775510204082,28.43421768707483,22.940816326530612,22.142789115646256,26.3065306122449
West,2012,12.5,26.875,0.0,0.0,0.0,0.00020408163265306123,0.7497959183673469,1.0748979591836736,3.7361224489795917,4.248979591836735,1.5412244897959182,0.23510204081632652,0.04551020408163265,0.0,0.9779591836734695,12.5,26.875,22.875510204081632,26.227414965986394,27.053673469387753,30.327142857142857,32.04503401360544,31.23285714285714,28.862653061224492,26.98238095238095,28.424421768707486,28.48748299319728,26.140476190476193,22.4830612244898,26.410068027210887
West,2013,12.5,26.875,0.0,0.0,0.0,0.0024489795918367346,0.2183673469387755,0.9906122448979592,2.2977551020408162,3.623673469387755,2.163061224489796,0.04489795918367347,0.0,0.0,0.7848979591836734,12.5,26.875,24.37278911564626,26.744285714285713,28.710544217687072,29.28775510204082,31.729251700680273,31.4521768707483,29.571632653061222,27.602448979591838,28.814489795918366,27.546938775510206,25.898843537414965,22.504421768707484,25.9278231292517
West,2014,12.5,26.875,0.0,0.0,0.03306122448979592,0.1389795918367347,1.1595918367346938,1.6761224489795918,4.507959183673469,5.155102040816327,3.6187755102040815,1.7214285714285713,0.0,0.0,1.5144897959183672,12.5,26.875,23.34401360544218,24.112585034013605,28.817346938775508,31.91176870748299,31.715714285714284,31.59938775510204,29.11081632653061,26.6487074829932,27.43190476190476,25.66496598639456,23.402925170068027,22.60639455782313,26.228367346938775
West,2015,12.5,26.875,0.0,0.0,0.0563265306122449,0.0,0.5422448979591836,1.6789795918367345,2.654489795918367,4.751224489795918,2.606326530612245,1.0259183673469388,0.0008163265306122449,0.034489795918367344,1.1224489795918366,12.5,26.875,20.97891156462585,26.32843537414966,29.717006802721087,28.92469387755102,31.806122448979593,31.755986394557823,30.10503401360544,28.488775510204086,28.934557823129254,28.671496598639457,24.79074829931973,20.101700680272106,25.12530612244898
West,2016,12.5,26.875,0.0,0.0,0.0022448979591836735,0.022653061224489797,1.2930612244897959,2.1408163265306124,5.865306122448979,6.177755102040816,3.87530612244898,1.417142857142857,0.0,0.0,1.7446938775510203,12.5,26.875,19.77863945578231,23.75326530612245,30.736666666666668,30.6691156462585,31.43755102040816,31.096666666666668,28.556190476190476,26.773741496598642,27.248843537414967,26.52265306122449,24.919319727891157,22.51925170068027,25.72047619047619
West,2017,12.5,26.875,0.0,0.00020408163265306123,0.0,0.03918367346938775,1.0959183673469388,2.13265306122449,5.535510204081633,4.164489795918367,2.827959183673469,0.8551020408163265,0.00040816326530612246,0.0,1.400612244897959,12.5,26.875,23.96829931972789,23.31836734693878,28.184897959183676,30.752176870748297,32.00734693877551,31.366530612244897,28.63517006802721,27.49251700680272,27.767278911564624,26.39170068027211,24.405102040816328,23.786598639455782,26.508299319727893
West,2018,12.5,26.875,0.0,0.0,0.0010204081632653062,0.0,0.9622448979591837,1.873061224489796,4.15734693877551,4.831428571428572,3.115918367346939,0.9030612244897959,0.0,0.0,1.3330612244897957,12.5,26.875,20.288367346938774,26.018911564625853,28.236938775510204,29.143809523809526,32.28591836734694,30.453401360544216,28.920272108843534,27.478775510204084,28.436802721088437,27.359455782312928,24.895850340136054,22.287891156462585,26.033809523809524
West,2019,12.5,26.875,0.0,0.0014285714285714288,0.0012244897959183673,0.01183673469387755,0.6620408163265306,2.7502040816326527,4.0534693877551025,6.704081632653061,4.406326530612245,3.440816326530612,0.0,0.00020408163265306123,1.8518367346938776,12.5,26.875,25.222925170068027,26.198027210884355,28.599251700680274,30.898027210884354,32.935646258503404,30.697551020408163,28.9243537414966,26.818435374149658,27.50231292517007,25.4078231292517,22.96142857142857,20.77251700680272,26.523673469387756
West,2020,12.5,26.875,0.0,0.0,0.0,0.0,0.6283673469387755,1.0497959183673469,5.813061224489795,8.666938775510204,5.71204081632653,0.8395918367346938,0.0,0.0,1.9051020408163264,12.5,26.875,19.962993197278912,22.746326530612244,28.643945578231293,30.172517006802718,31.17265306122449,31.940612244897956,29.114081632653065,26.182925170068028,26.674149659863946,25.56965986394558,22.476462585034014,22.60074829931973,25.18843537414966
West,2021,12.5,26.875,0.0,0.0,0.0,0.0032653061224489797,1.036326530612245,1.910408163265306,6.6361224489795925,4.348979591836734,4.833877551020408,1.1755102040816328,0.040612244897959185,0.010612244897959184,1.6802040816326531,12.5,26.875,22.9021768707483,23.96544217687075,28.117619047619048,30.307551020408162,31.483197278911565,32.259795918367345,28.544965986394555,27.288503401360543,27.198639455782313,26.97748299319728,25.032993197278913,23.398639455782313,26.826326530612242
West,2022,12.5,26.875,0.0,0.0,0.0,0.012448979591836735,0.1057142857142857,3.225714285714286,6.7187755102040825,7.051632653061224,3.973673469387755,0.8975510204081631,0.0008163265306122449,0.0,1.8473469387755102,12.5,26.875,22.608775510204083,22.3456462585034,27.0678231292517,32.210476190476186,32.36734693877551,31.099999999999998,28.056258503401356,25.937210884353743,26.715782312925167,25.404965986394558,23.98156462585034,22.17700680272109,26.06408163265306
West,2023,12.5,26.875,0.0,0.0,0.005714285714285715,0.09857142857142857,0.3946938775510204,3.5048979591836735,4.633673469387755,6.491224489795918,3.406122448979592,1.1106122448979592,0.18816326530612246,0.0,1.6651020408163266,12.5,26.875,23.210544217687072,24.36204081632653,28.495306122448984,30.798707482993198,32.460204081632654,31.48108843537415,29.341972789115644,28.291020408163263,28.478503401360545,27.859727891156464,26.785510204081632,23.230340136054423,27.063197278911563
West,2024,12.5,26.875,0.0,0.003061224489795918,0.011224489795918368,0.0,0.14244897959183675,2.5748979591836734,6.840612244897959,8.960204081632654,5.664897959183673,1.809795918367347,0.0012244897959183675,0.0,2.179795918367347,12.5,26.875,21.610544217687075,24.506530612244898,29.997891156462583,31.375238095238092,33.018367346938774,32.61265306122449,29.707142857142856,26.032176870748298,27.02265306122449,25.213061224489795,21.6430612244898,21.406394557823127,26.851496598639457
